{
    "type": "APL",
    "version": "1.1",
    "settings": {
        "idleTimeout": 120000
    },
    "theme": "dark",
    "import": [{
        "name": "alexa-layouts",
        "version": "1.0.0"
    }],
    "onMount": [{
        "type": "Sequential",
        "commands": [{
            "type": "Parallel",
            "commands": "<COMPONENT_ON_MOUNT_COMMANDS>"
        }],
        "finally": "<DOCUMENT_ON_MOUNT_COMMAND>"
    }],
    "graphics": {
        "parameterizedCircle": {
            "type": "AVG",
            "version": "1.0",
            "height": 100,
            "width": 100,
            "items": {
                "type": "path",
                "fill": "red",
                "stroke": "blue",
                "strokeWidth": 4,
                "pathData": "M 50 0 L 100 50 L 50 100 L 0 50 z"
            }
        }
    },
    "commands": {
        "slideInFromRight": {
            "parameters": [
                "distance"
            ],
            "command": {
                "type": "AnimateItem",
                "easing": "ease-in-out",
                "duration": 300,
                "values": [{
                        "property": "opacity",
                        "from": 0,
                        "to": 1
                    },
                    {
                        "property": "transformX",
                        "from": "${distance}",
                        "to": 0
                    }
                ]
            }
        }
    },
    "layouts": {},
    "mainTemplate": {
        "parameters": [
            "payload"
        ],
        "items": [{
                "type": "Container",
                "when": "${@viewportProfile == @hubRoundSmall}",
                "height": "100vh",
                "items": [{
                        "type": "Image",
                        "width": "100vw",
                        "height": "100vh",
                        "source": "${payload.DeleteChannelPageData.backgroundImage.sources[0].url}",
                        "scale": "best-fill",
                        "align": "center",
                        "overlayColor": "rgba(black,0.5)",
                        "position": "absolute"
                    },
                    {
                        "type": "AlexaHeader",
                        "headerAttributionImage": "${payload.DeleteChannelPageData.logoUrl}"
                    },
                    {
                        "type": "Container",
                        "grow": 1,
                        "items": [{
                                "type": "Text",
                                "paddingLeft": "200",
                                "paddingRight": "60",
                                "textAlign": "center",
                                "color": "#FFFFFF",
                                "fontFamily": "avenir next condensed",
                                "fontSize": "40",
                                "text": "${payload.DeleteChannelPageData.textContent.placeholder.text}"
                            },
                            {
                                "type": "Text",
                                "width": "275",
                                "paddingTop": "10",
                                "paddingBottom": "10",
                                "textAlign": "center",
                                "color": "#1d74f5",
                                "fontFamily": "avenir next condensed",
                                "fontSize": "40",
                                "text": "${payload.DeleteChannelPageData.textContent.channelname.text}",
                                "fontWeight": "bold",
                                "left": "180"
                            },
                            {
                                "type": "Text",
                                "paddingLeft": "200",
                                "paddingTop": "10",
                                "paddingRight": "60",
                                "textAlign": "center",
                                "color": "#FFFFFF",
                                "fontFamily": "avenir next condensed",
                                "fontSize": "40",
                                "text": "${payload.DeleteChannelPageData.textContent.successful.text}"
                            }
                        ]
                    }
                ]
            },
            {
                "type": "Container",
                "when": "${@viewportProfile == @hubLandscapeSmall}",
                "height": "100vh",
                "items": [{
                        "type": "Image",
                        "width": "100vw",
                        "height": "100vh",
                        "source": "${payload.DeleteChannelPageData.backgroundImage.sources[0].url}",
                        "scale": "best-fill",
                        "overlayColor": "rgba(black,0.5)",
                        "position": "absolute"
                    },
                    {
                        "type": "AlexaHeader",
                        "headerAttributionImage": "${payload.DeleteChannelPageData.logoUrl}"
                    },
                    {
                        "type": "Container",
                        "grow": 1,
                        "items": [{
                                "type": "Text",
                                "paddingLeft": "0",
                                "paddingTop": "40",
                                "paddingRight": "200",
                                "textAlign": "right",
                                "color": "#FFFFFF",
                                "fontFamily": "avenir next condensed",
                                "fontSize": "40",
                                "text": "${payload.DeleteChannelPageData.textContent.placeholder.text}"
                            },
                            {
                                "type": "Text",
                                "width": "400",
                                "paddingLeft": "0",
                                "paddingTop": "20",
                                "textAlign": "center",
                                "color": "#1d74f5",
                                "fontFamily": "avenir next condensed",
                                "fontSize": "40",
                                "text": "${payload.DeleteChannelPageData.textContent.channelname.text}",
                                "fontWeight": "bold",
                                "left": "500"
                            },
                            {
                                "type": "Text",
                                "paddingLeft": "0",
                                "paddingTop": "20",
                                "paddingRight": "120",
                                "textAlign": "right",
                                "color": "#FFFFFF",
                                "fontFamily": "avenir next condensed",
                                "fontSize": "40",
                                "text": "${payload.DeleteChannelPageData.textContent.successful.text}"
                            }
                        ]
                    }
                ]
            },
            {
                "type": "Container",
                "when": "${@viewportProfile == @hubLandscapeMedium}",
                "height": "100vh",
                "items": [{
                        "type": "Image",
                        "width": "100vw",
                        "height": "100vh",
                        "source": "${payload.DeleteChannelPageData.backgroundImage.sources[0].url}",
                        "scale": "best-fill",
                        "overlayColor": "rgba(black,0.5)",
                        "position": "absolute"
                    },
                    {
                        "type": "AlexaHeader",
                        "headerAttributionImage": "${payload.DeleteChannelPageData.logoUrl}"
                    },
                    {
                        "type": "Container",
                        "grow": 1,
                        "items": [{
                                "type": "Text",
                                "paddingLeft": "0",
                                "paddingTop": "80",
                                "paddingRight": "250",
                                "textAlign": "right",
                                "color": "#FFFFFF",
                                "fontFamily": "avenir next condensed",
                                "fontSize": "50",
                                "text": "${payload.DeleteChannelPageData.textContent.placeholder.text}"
                            },
                            {
                                "type": "Text",
                                "width": "400",
                                "paddingLeft": "0",
                                "paddingTop": "20",
                                "textAlign": "center",
                                "color": "#1d74f5",
                                "fontFamily": "avenir next condensed",
                                "fontSize": "50",
                                "text": "${payload.DeleteChannelPageData.textContent.channelname.text}",
                                "fontWeight": "bold",
                                "left": "500"
                            },
                            {
                                "type": "Text",
                                "paddingLeft": "0",
                                "paddingTop": "20",
                                "paddingRight": "140",
                                "textAlign": "right",
                                "color": "#FFFFFF",
                                "fontFamily": "avenir next condensed",
                                "fontSize": "50",
                                "text": "${payload.DeleteChannelPageData.textContent.successful.text}"
                            }
                        ]
                    }
                ]
            },
            {
                "type": "Container",
                "when": "${@viewportProfile == @hubLandscapeLarge}",
                "height": "100vh",
                "items": [{
                        "type": "Image",
                        "width": "100vw",
                        "height": "100vh",
                        "paddingLeft": "1450",
                        "source": "${payload.DeleteChannelPageData.backgroundImage.sources[0].url}",
                        "scale": "best-fill",
                        "overlayColor": "rgba(black,0.5)",
                        "position": "absolute"
                    },
                    {
                        "type": "AlexaHeader",
                        "headerAttributionImage": "${payload.DeleteChannelPageData.logoUrl}"
                    },
                    {
                        "type": "Container",
                        "grow": 1,
                        "items": [{
                                "type": "Text",
                                "paddingLeft": "0",
                                "paddingTop": "120",
                                "paddingRight": "250",
                                "textAlign": "right",
                                "color": "#FFFFFF",
                                "fontFamily": "avenir next condensed",
                                "fontSize": "55",
                                "text": "${payload.DeleteChannelPageData.textContent.placeholder.text}"
                            },
                            {
                                "type": "Text",
                                "width": "600",
                                "paddingTop": "20",
                                "textAlign": "center",
                                "color": "#1d74f5",
                                "fontFamily": "avenir next condensed",
                                "fontSize": "55",
                                "text": "${payload.DeleteChannelPageData.textContent.channelname.text}",
                                "fontWeight": "bold",
                                "left": "650"
                            },
                            {
                                "type": "Text",
                                "paddingLeft": "0",
                                "paddingTop": "20",
                                "paddingRight": "140",
                                "textAlign": "right",
                                "color": "#FFFFFF",
                                "fontFamily": "avenir next condensed",
                                "fontSize": "55",
                                "text": "${payload.DeleteChannelPageData.textContent.successful.text}"
                            }
                        ]
                    }
                ]
            },
            {
                "type": "Container",
                "when": "${@viewportProfile == @tvLandscapeXLarge}",
                "height": "100vh",
                "items": [{
                        "type": "Image",
                        "width": "100vw",
                        "height": "100vh",
                        "source": "${payload.DeleteChannelPageData.backgroundImage.sources[0].url}",
                        "scale": "best-fill",
                        "overlayColor": "rgba(black,0.5)",
                        "position": "absolute"
                    },
                    {
                        "type": "AlexaHeader",
                        "headerAttributionImage": "${payload.DeleteChannelPageData.logoUrl}"
                    },
                    {
                        "type": "Container",
                        "grow": 1,
                        "items": [{
                                "type": "Text",
                                "paddingLeft": "0",
                                "paddingTop": "50",
                                "paddingRight": "200",
                                "textAlign": "right",
                                "color": "#FFFFFF",
                                "fontFamily": "avenir next condensed",
                                "fontSize": "50",
                                "text": "${payload.DeleteChannelPageData.textContent.placeholder.text}"
                            },
                            {
                                "type": "Text",
                                "width": "525",
                                "paddingTop": "20",
                                "textAlign": "center",
                                "color": "#1d74f5",
                                "fontFamily": "avenir next condensed",
                                "fontSize": "50",
                                "text": "${payload.DeleteChannelPageData.textContent.channelname.text}",
                                "fontWeight": "bold",
                                "left": "425"
                            },
                            {
                                "type": "Text",
                                "paddingLeft": "0",
                                "paddingTop": "20",
                                "paddingRight": "110",
                                "textAlign": "right",
                                "color": "#FFFFFF",
                                "fontFamily": "avenir next condensed",
                                "fontSize": "50",
                                "text": "${payload.DeleteChannelPageData.textContent.successful.text}"
                            }
                        ]
                    }
                ]
            }
        ]
    }
}