{
	"type": "APL",
	"version": "1.1",
	"settings": {
		"idleTimeout": 120000
	},
	"theme": "dark",
	"import": [{
		"name": "alexa-layouts",
		"version": "1.0.0"
	}],
	"onMount": [{
		"type": "Sequential",
		"commands": [{
			"type": "Parallel",
			"commands": "<COMPONENT_ON_MOUNT_COMMANDS>"
		}],
		"finally": "<DOCUMENT_ON_MOUNT_COMMAND>"
	}],
	"graphics": {
		"parameterizedCircle": {
			"type": "AVG",
			"version": "1.0",
			"height": 100,
			"width": 100,
			"items": {
				"type": "path",
				"fill": "red",
				"stroke": "blue",
				"strokeWidth": 4,
				"pathData": "M 50 0 L 100 50 L 50 100 L 0 50 z"
			}
		}
	},
	"commands": {
		"slideInFromRight": {
			"parameters": [
				"distance"
			],
			"command": {
				"type": "AnimateItem",
				"easing": "ease-in-out",
				"duration": 300,
				"values": [{
						"property": "opacity",
						"from": 0,
						"to": 1
					},
					{
						"property": "transformX",
						"from": "${distance}",
						"to": 0
					}
				]
			}
		}
	},
	"layouts": {},
	"mainTemplate": {
		"parameters": [
			"payload"
		],
		"items": [{
				"type": "Container",
				"when": "${@viewportProfile == @hubRoundSmall}",
				"height": "100vh",
				"items": [{
						"type": "Image",
						"width": "100vw",
						"height": "100vh",
						"source": "${payload.PostMessageData.backgroundImage.sources[0].url}",
						"scale": "best-fill",
						"align": "center",
						"overlayColor": "rgba(black,0.8)",
						"position": "absolute"
					},
					{
						"type": "AlexaHeader",
						"headerAttributionImage": "${payload.PostMessageData.logoUrl}"
					},
					{
						"type": "Container",
						"grow": 1,
						"items": [{
								"type": "Frame",
								"width": "80vw",
								"height": "7vh",
								"items": [{
									"type": "Text",
									"width": "75vw",
									"paddingLeft": "5",
									"paddingTop": "5",
									"textAlign": "left",
									"color": "#1d74f5",
									"fontFamily": "roboto",
									"fontSize": "17",
									"text": "${payload.PostMessageData.textContent.title.text}",
									"fontWeight": "bold"
								}],
								"borderColor": "#A0A0A0",
								"borderWidth": "2",
								"left": "50"
							},
							{
								"type": "Frame",
								"width": "80vw",
								"height": "43vh",
								"items": [{
									"type": "ScrollView",
									"width": "78vw",
									"height": "40vh",
									"paddingLeft": "10",
									"paddingTop": "10",
									"item": [{
										"type": "Text",
										"textAlign": "left",
										"textAlignVertical": "center",
										"color": "#f2f3f5",
										"fontFamily": "monospace",
										"fontSize": "17",
										"text": "${payload.PostMessageData.textContent.message.text}"
									}]
								}],
								"borderColor": "#A0A0A0",
								"borderWidth": "2",
								"left": "50"
							}
						]
					}
				]
			},
			{
				"type": "Container",
				"when": "${@viewportProfile == @hubLandscapeSmall}",
				"height": "100vh",
				"items": [{
						"type": "Image",
						"width": "100vw",
						"height": "100vh",
						"source": "${payload.PostMessageData.backgroundImage.sources[0].url}",
						"scale": "best-fill",
						"overlayColor": "rgba(black,0.8)",
						"position": "absolute"
					},
					{
						"type": "AlexaHeader",
						"headerAttributionImage": "${payload.PostMessageData.logoUrl}"
					},
					{
						"type": "Container",
						"grow": 1,
						"items": [{
								"type": "Frame",
								"width": "55vw",
								"height": "10vh",
								"items": [{
									"type": "Text",
									"width": "55vw",
									"height": "10vh",
									"paddingLeft": "10",
									"paddingTop": "10",
									"textAlign": "left",
									"color": "#1d74f5",
									"fontFamily": "roboto",
									"fontSize": "20",
									"text": "${payload.PostMessageData.textContent.title.text}",
									"fontWeight": "bold"
								}],
								"borderColor": "#A0A0A0",
								"borderWidth": "2",
								"left": "50"
							},
							{
								"type": "Frame",
								"width": "80vw",
								"height": "57vh",
								"items": [{
									"type": "ScrollView",
									"width": "78vw",
									"height": "55vh",
									"paddingLeft": "10",
									"paddingTop": "10",
									"item": [{
										"type": "Text",
										"textAlign": "left",
										"color": "#f2f3f5",
										"fontFamily": "monospace",
										"fontSize": "25",
										"text": "${payload.PostMessageData.textContent.message.text}"
									}]
								}],
								"borderColor": "#A0A0A0",
								"borderWidth": "2",
								"left": "50"
							}
						]
					}
				]
			},
			{
				"type": "Container",
				"when": "${@viewportProfile == @hubLandscapeMedium}",
				"height": "100vh",
				"items": [{
						"type": "Image",
						"width": "100vw",
						"height": "100vh",
						"source": "${payload.PostMessageData.backgroundImage.sources[0].url}",
						"scale": "best-fill",
						"overlayColor": "rgba(black,0.8)",
						"position": "absolute"
					},
					{
						"type": "AlexaHeader",
						"headerAttributionImage": "${payload.PostMessageData.logoUrl}"
					},
					{
						"type": "Container",
						"grow": 1,
						"items": [{
								"type": "Frame",
								"width": "55vw",
								"height": "10vh",
								"items": [{
									"type": "Text",
									"width": "55vw",
									"height": "10vh",
									"paddingLeft": "10",
									"paddingTop": "10",
									"textAlign": "left",
									"color": "#1d74f5",
									"fontFamily": "roboto",
									"fontSize": "25",
									"text": "${payload.PostMessageData.textContent.title.text}",
									"fontWeight": "bold"
								}],
								"borderColor": "#A0A0A0",
								"borderWidth": "2",
								"left": "50"
							},
							{
								"type": "Frame",
								"width": "80vw",
								"height": "57vh",
								"items": [{
									"type": "ScrollView",
									"width": "78vw",
									"height": "55vh",
									"paddingLeft": "10",
									"paddingTop": "10",
									"item": [{
										"type": "Text",
										"textAlign": "left",
										"color": "#f2f3f5",
										"fontFamily": "monospace",
										"fontSize": "30",
										"text": "${payload.PostMessageData.textContent.message.text}"
									}]
								}],
								"borderColor": "#A0A0A0",
								"borderWidth": "2",
								"left": "50"
							}
						]
					}
				]
			},
			{
				"type": "Container",
				"when": "${@viewportProfile == @hubLandscapeLarge}",
				"height": "100vh",
				"items": [{
						"type": "Image",
						"width": "100vw",
						"height": "100vh",
						"paddingLeft": "1450",
						"source": "${payload.PostMessageData.backgroundImage.sources[0].url}",
						"scale": "best-fill",
						"overlayColor": "rgba(black,0.8)",
						"position": "absolute"
					},
					{
						"type": "AlexaHeader",
						"headerAttributionImage": "${payload.PostMessageData.logoUrl}"
					},
					{
						"type": "Container",
						"grow": 1,
						"items": [{
								"type": "Frame",
								"width": "55vw",
								"height": "10vh",
								"items": [{
									"type": "Text",
									"width": "55vw",
									"height": "10vh",
									"paddingLeft": "10",
									"paddingTop": "10",
									"textAlign": "left",
									"color": "#1d74f5",
									"fontFamily": "roboto",
									"fontSize": "33",
									"text": "${payload.PostMessageData.textContent.title.text}",
									"fontWeight": "bold"
								}],
								"borderColor": "#A0A0A0",
								"borderWidth": "2",
								"left": "50"
							},
							{
								"type": "Frame",
								"width": "80vw",
								"height": "57vh",
								"items": [{
									"type": "ScrollView",
									"width": "78vw",
									"height": "55vh",
									"paddingLeft": "10",
									"paddingTop": "10",
									"item": [{
										"type": "Text",
										"textAlign": "left",
										"color": "#f2f3f5",
										"fontFamily": "monospace",
										"fontSize": "35",
										"text": "${payload.PostMessageData.textContent.message.text}"
									}]
								}],
								"borderColor": "#A0A0A0",
								"borderWidth": "2",
								"left": "50"
							}
						]
					}
				]
			},
			{
				"type": "Container",
				"when": "${@viewportProfile == @tvLandscapeXLarge}",
				"height": "100vh",
				"items": [{
						"type": "Image",
						"width": "100vw",
						"height": "100vh",
						"source": "${payload.PostMessageData.backgroundImage.sources[0].url}",
						"scale": "best-fill",
						"overlayColor": "rgba(black,0.8)",
						"position": "absolute"
					},
					{
						"type": "AlexaHeader",
						"headerAttributionImage": "${payload.PostMessageData.logoUrl}"
					},
					{
						"type": "Container",
						"grow": 1,
						"items": [{
								"type": "Frame",
								"width": "55vw",
								"height": "10vh",
								"items": [{
									"type": "Text",
									"width": "55vw",
									"height": "10vh",
									"paddingLeft": "10",
									"paddingTop": "10",
									"textAlign": "left",
									"color": "#1d74f5",
									"fontFamily": "roboto",
									"fontSize": "23",
									"text": "${payload.PostMessageData.textContent.title.text}",
									"fontWeight": "bold"
								}],
								"borderColor": "#A0A0A0",
								"borderWidth": "2",
								"left": "50"
							},
							{
								"type": "Frame",
								"width": "80vw",
								"height": "57vh",
								"items": [{
									"type": "ScrollView",
									"width": "78vw",
									"height": "55vh",
									"paddingLeft": "10",
									"paddingTop": "10",
									"item": [{
										"type": "Text",
										"textAlign": "left",
										"color": "#f2f3f5",
										"fontFamily": "monospace",
										"fontSize": "25",
										"text": "${payload.PostMessageData.textContent.message.text}"
									}]
								}],
								"borderColor": "#A0A0A0",
								"borderWidth": "2",
								"left": "50"
							}
						]
					}
				]
			}
		]
	}
}