{
    "ERRORS": {
        "v1": "Sorry, I can't understand the command. Please say again.",
        "v2": "Sorry, I didn't get that. Could you say it again?."
    },
    "HELP": {
        "MESSAGE": "This is the Alexa Skill for rocket chat. What would you like to do?",
        "CARD_TITLE": "Rocket.Chat Help"
    },
    "GOODBYE": {
        "MESSAGE": "Thanks for using Rocket Chat.",
        "CARD_TITLE": "Goodbye!"
    },
    "WELCOME": {
        "SUCCESS": "Welcome To Rocket Chat Alexa Skill. What Would you like to do today?",
        "SUCCESS_RETURN_USER": "Welcome back! What Would you like to do today?",
        "CARD_TITLE": "Welcome To Rocket.Chat",
        "HINT": "Try, 'Alexa, Send a message'.",
        "AUTH_ERROR_TITLE": "AUTHORISED PERSONNEL ONLY",
        "ERROR": "To start using this skill, please use the companion app to authenticate."
    },
    "NOTIFICATION_SETTINGS": {
        "SUCCESS_USERMENTIONS": "I have updated your settings. You will now receive notifications for user mentions only.",
        "SUCCESS_UNREADS": "I have updated your settings. You will now receive notifications for unread messages only.",
        "CARD_TITLE": "Change Notification Settings",
        "ERROR": "To start receiving notifications from this skill, please use the companion app to give the permission.",
        "ERROR_TURNED_OFF": "You have turned off the notification settings for this skill. To start receiving notifications again, please use the companion app to give the permission.",
        "ERROR_ALREADY_USERMENTIONS": "Your notification settings are already set to user mentions.",
        "ERROR_ALREADY_UNREADS": "Your notification settings are already set to unread messages."
    },
    "POST_MESSAGE": {
        "APL_SUCCESS": "Message sent to #{channelName}.",
        "SUCCESS": "I've sent your message.",
        "ASK_MORE": "Would you like to add more?",
        "ASK_CHOICE": "Please select between one and {choice_limit}. {channels_list}.",
        "NO_CHANNEL": "There is no channel named {channel_name}.",
        "NO_USER": "There's no one named {username}.",
        "SIMILAR_CHANNELS": "There are multiple channels with similar name. Please tell the serial number of desired channel. {channel_names}.",
        "SIMILAR_USERS": "There are multiple users with similar username. Please tell the serial number of desired user. {usernames}.",
        "CONFIRM_MORE": "Okay, go on.",
        "CONFIRM_MORE_REPROMPT": "Please continue your message.",
        "POST_LONG_MESSAGE_CONFIRMATION": "You want to send, {longmessage}, to channel {channelName}, is that correct?",
        "AUTH_ERROR": "Sorry you are currently signed out , please use the companion app to authenticate ",
        "CARD_TITLE": "Post A Message",
        "ERROR": "Sorry, I couldn't send your message right now.",
        "DENIED": "Okay, I won't send the message."
    },
    "CREATE_CHANNEL": {
        "SUCCESS": "I've created your channel {channelName}.",
        "AUTH_ERROR": "Sorry you are currently signed out , please use the companion app to authenticate ",
        "CARD_TITLE": "Create A Channel",
        "ERROR": "Sorry, I couldn't create the channel {channelName} right now.",
        "ERROR_DUPLICATE_NAME": "Sorry, the channel {channelName} already exists. Please try again with different channel name.",
        "ERROR_INVALID_NAME": "Sorry, {channelName} is not a valid channel name. Please try again with a single word name for the channel.",
        "DENIED": "Okay, let's try again."
    },
    "DELETE_CHANNEL": {
        "SUCCESS": "I've deleted the channel {channelName}.",
        "AUTH_ERROR": "Sorry you are currently signed out , please use the companion app to authenticate ",
        "CARD_TITLE": "Delete A Channel",
        "NOT_AUTHORISED": "Sorry, you are not authorised to delete this channel.",
        "ERROR": "Sorry, I couldn't delete the channel {channelName} right now.",
        "ERROR_NOT_FOUND": "Sorry, the channel {channelName} does not exist. Please try again with different channel name.",
        "DENIED": "Okay."
    },
    "GET_LAST_MESSAGE_FROM_CHANNEL": {
        "SUCCESS": "{name} says, {message}.",
        "CARD_TITLE": "Channel Last Message",
        "AUTH_ERROR": "Sorry you are currently signed out , please use the companion app to authenticate ",
        "ERROR": "Sorry, I couldn't find the channel {channelName} right now.",
        "ERROR_NOT_FOUND": "Sorry, the channel {channelName} does not exist. Please try again with different channel name."
    },
    "GET_UNREAD_MESSAGES_FROM_CHANNEL": {
        "MESSAGE": "You Have {unread} Unread Messages in {channelName}. <break time='1s'/> {respString} <break time='0.7s'/> ",
        "AUTH_ERROR": "Sorry you are currently signed out , please use the companion app to authenticate ",
        "NO_MESSAGE": "You Don't Have Any Unread Messages in {channelName}.",
        "CARD_TITLE": "Channel Unread Messages",
        "ERROR": "Sorry, I couldn't find the channel {channelName} right now.",
        "ERROR_NOT_FOUND": "Sorry, the channel {channelName} does not exist. Please try again with different channel name."
    },
    "MAKE_MODERATOR": {
        "SUCCESS": "{userName} is now the moderator of {channelName}.",
        "AUTH_ERROR": "Sorry you are currently signed out , please use the companion app to authenticate ",
        "CARD_TITLE": "Make Moderator",
        "ERROR": "Sorry, I couldn't assign a moderator right now.",
        "ERROR_NOT_FOUND": "Sorry, I couldn't assign a moderator to {channelName} right now."
    },
    "ADD_ALL_TO_CHANNEL": {
        "SUCCESS": "Added All Users To {channelName}.",
        "AUTH_ERROR": "Sorry you are currently signed out , please use the companion app to authenticate ",
        "CARD_TITLE": "Add All To Channel",
        "ERROR": "Sorry, I am unable to add all users to the channel right now.",
        "ERROR_NOT_FOUND": "Sorry, I am unable to add all users to channel {channelName} right now."
    },
    "RESOLVE_CHANNEL":{
        "ASK_CHOICE": "Please select between one and {choice_limit}. {channels_list}.",
        "NO_CHANNEL":"There is no channel named {channel_name}.",
        "SIMILAR_CHANNELS": "There are multiple channels with similar name. Please tell the serial number of desired channel. {channel_names}."
    },
    "ADD_OWNER": {
        "SUCCESS": "{userName} is now the owner of {channelName}.",
        "AUTH_ERROR": "Sorry you are currently signed out , please use the companion app to authenticate ",
        "CARD_TITLE": "Add Owner",
        "ERROR": "Sorry, I couldn't assign a owner to the channel right now.",
        "ERROR_NOT_FOUND": "Sorry, I couldn't assign a owner to channel {channelName} right now."
    },
    "ARCHIVE_CHANNEL": {
        "SUCCESS": "{roomname} is now archived.",
        "UNARCHIVE_SUCCESS": "{roomname} is now unarchived.",
        "NOT_AUTHORISED": "You cannot perform this operation.",
        "ROOM_ALREAD_ARCHIVED": "{roomname} is already archived.",
        "AUTH_ERROR": "Sorry you are currently signed out , please use the companion app to authenticate ",
        "CARD_TITLE": "Archive Channel",
        "DENIED": "Okay.",
        "UNARCHVIE_ERROR": "Sorry, I couldn't unarchive this channel right now.",
        "ERROR": "Sorry, I couldn't archive this channel right now.",
        "ERROR_NOT_FOUND": "The room {roomname} does not exist."
    },
    "PINNED_MESSAGES":{
        "SUCCESS": "There are {no_of_pinned_messages} pinned messages in the channel {channelname}, here is the latest one. {username} says, {message}.",
        "NO_PINNED_MESSAGES": "There are no pinned messages in channel {channelname}.",
        "ERROR": "Sorry, I'm unable to process you request."
    },
    "RESOLVE_USERNAME":{
        "ASK_CHOICE": "Please select between one and {choice_limit}. {users_list}.",
        "NO_USER":"There is no user named {username} in your contacts list.",
        "SIMILAR_USERS": "There are multiple users with similar username. Please tell the serial number of desired user. {user_names}."
    },
    "ROOM_ROLES":{
        "ADD_LEADER_SUCCESS": "{username} is now the leader of {roomname}.",
        "ADD_OWNER_SUCCESS": "{username} is now an owner of {roomname}.",
        "ADD_MODERATOR_SUCCESS": "{username} is now a moderator of {roomname}.",
        "ADD_LEADER_DENIED": "Okay.",
        "ALREADY_LEADER": "{username} is already a leader of {roomname}.",
        "ALREADY_OWNER": "{username} is already an owner of {roomname}.",
        "ALREADY_MODERATOR": "{username} is already a moderator of {roomname}.",
        "REMOVE_LEADER_SUCCESS": "{username} is no longer a leader of {roomname}.",
        "REMOVE_OWNER_SUCCESS": "{username} is no longer an owner of {roomname}.",
        "REMOVE_MODERATOR_SUCCESS": "{username} is no longer a moderator of {roomname}.",
        "ERROR_REMOVE_LAST_OWNER": "This is a last owner. Please set a new owner before removing this one.",
        "USER_NOT_LEADER": "There is no leader named {username} in {roomname}.",
        "USER_NOT_OWNER": "There is no owner named {username} in {roomname}.",
        "USER_NOT_MODERATOR": "There is no moderator named {username} in {roomname}.",
        "USER_NOT_MEMBER": "{username} is not a member of room {roomname}.",
        "ERROR_NOT_ALLOWED": "Sorry, you don't have the right to perform this operation.",
        "ERROR_ROOM_NOT_FOUND": "There's no room named {roomname}.",
        "INVALID_USER": "There's no user named {username}.",
        "AUTH_ERROR": "Sorry you are currently signed out , please use the companion app to authenticate ",
        "DENIED": "Okay.",
        "ERROR": "Sorry, I couldn't perform this operation."
    },
    "LEAVE_CHANNEL": {
        "SUCCESS": "You have left the room {roomname}.",
        "DENIED": "Okay.",
        "ERROR_LAST_OWNER": "You are the last owner, Please set new owner before leaving the room.",
        "ERROR": "Sorry, I couldn't perform this operaton.",
        "USER_NOT_IN_ROOM": "You are not part of {roomname}.",
        "ERROR_NOT_FOUND": "The room {roomname} does not exist."
    },
    "CHANNEL_DETAILS": {
        "SET_ANNOUNCEMENT_SUCCESS": "I've set the announcement in, {roomname}.",
        "SET_ANNOUNCEMENT_DENIED": "Okay, I won't set the announcement.",
        "SET_DESCRIPTION_SUCCESS": "I've set the description in, {roomname}.",
        "SET_DESCRIPTION_DENIED": "Okay.",
        "SET_TOPIC_SUCCESS": "I've set the topic in, {roomname}.",
        "SET_TOPIC_DENIED": "Okay.",
        "RENAME_ROOM_SUCCESS": "{oldname}, is now {newname}.",
        "RENAME_ROOM_DENIED": "Okay.",
        "ERROR_NAME_TAKEN": "The name {newname} is already taken.",
        "NOT_AUTHORISED": "Sorry, You are not authorised to perform this.",
        "ERROR": "Sorry, I couldn't do it at the moment.",
        "AUTH_ERROR":"Sorry you are currently signed out , please use the companion app to authenticate.",
        "ERROR_NOT_FOUND": "Sorry, I couldn't find room named {roomname}."
    },
    "INVITE_USER": {
        "SUCCESS": "{username} has been invited to {roomname}.",
        "ERROR": "Sorry, the invite was unsuccessful.",
        "DENIED": "Okay."
    },
    "KICK_USER": {
        "SUCCESS": "{username} was removed from {roomname}.",
        "ERROR": "Sorry, there was an error",
        "DENIED": "Okay.",
        "ERROR_USER_NOT_IN_ROOM": "{username} is not a member of room {roomname}.",
        "ERROR_YOU_ARE_LAST_OWNER": "You are last owner. Please set a new owner before leaving room."
    },
    "ERROR_INVALID_ROOM": "There's no such room.",
    "ERROR": "Sorry, I'm unable to process you request.",
    "HINTS": {
        "GetUnreadMessagesIntent": "Get unread messages from channel",
        "GetLastMessageFromChannelIntent": "Read last message from channel",
        "PostDirectMessageIntent": "Post direct message",
        "PostEmojiMessageIntent": "Read Pinned messages from channel",
        "ChangeStatusIntent": "Change my status",
        "GetMentionsIntent": "Get my mentions"
    },
    "STATUS": {
        "SUCCESS": "I've updated your status.",
        "DENIED": "Okay, I won't change your status.",
        "ERROR": "Sorry, I couldn't change your status."
    },
    "UNREADS": {
        "MESSAGE": "You have, {finalMessage}.",
        "NO_UNREADS": "You don't have any unread messages.",
        "ERROR": "Sorry, I couldn't perform this request."
    },
    "MENTIONS": {
        "MESSAGE": "You have, {finalMessage}.",
        "READ_MENTIONS": "You have {count} mentions in {roomName} <break time='0.5s'/> {finalMessage} <break time='0.5s'/>",
        "AUTH_ERROR": "Sorry you are currently signed out , please use the companion app to authenticate.",
        "NO_MENTIONS": "You don't have any unread mentions.",
        "NO_MENTIONS_ROOM": "You don't have any unread mentions in {roomName}.",
        "REACTED": "I've acknowledged to {count} mentions in {roomName}.",
        "ERROR": "Sorry, I couldn't perform this request."
    },
    "HINT_TRANSITION": "You can try saying",
    "FALLBACK_MSG": "Sorry, I don't know about that.",
    "ERROR_NOT_FOUND": "The room {roomname} does not exist.",
    "ERROR_NOT_ALLOWED": "Sorry, only authorised users can perform this operation.",
    "ERROR_INVALID_USER": "The username {username} does not exist.",
    "AUTH_ERROR": "Sorry you are currently signed out , please use the companion app to authenticate.",
    "AUDIO_NO_SUPPORT": "Sorry, this skill doesn't support that feature.",
    "GENERIC_REPROMPT": "Anything else I can help you with?",
    "YES_PROMPT": "What would you like to do?"
}