[
  {
    "id": "347a9a5d-bbb6-4888-b380-c48cd2e0735f",
    "data": [
      {
        "text": "change topic in channel ",
        "userDefined": false
      },
      {
        "text": "CHANNELNAME",
        "meta": "@sys.any",
        "alias": "channelname",
        "userDefined": true
      }
    ],
    "isTemplate": false,
    "count": 0,
    "lang": "en",
    "updated": 0
  },
  {
    "id": "015c1445-9cc9-42f0-b4a5-8e3b70aa09b8",
    "data": [
      {
        "text": "change topic",
        "userDefined": false
      }
    ],
    "isTemplate": false,
    "count": 0,
    "lang": "en",
    "updated": 0
  },
  {
    "id": "5b8135d4-0dfa-45bc-8551-f0e7ebd3886c",
    "data": [
      {
        "text": "Set Group ",
        "userDefined": false
      },
      {
        "text": "CHANNELNAME",
        "meta": "@sys.any",
        "alias": "channelname",
        "userDefined": true
      },
      {
        "text": " Topic To ",
        "userDefined": false
      },
      {
        "text": "TOPICMESSAGE",
        "meta": "@sys.any",
        "alias": "topic",
        "userDefined": true
      }
    ],
    "isTemplate": false,
    "count": 0,
    "lang": "en",
    "updated": 0
  },
  {
    "id": "fd29f21d-4f9e-468f-82de-b07a1302a573",
    "data": [
      {
        "text": "Set Room ",
        "userDefined": false
      },
      {
        "text": "CHANNELNAME",
        "meta": "@sys.any",
        "alias": "channelname",
        "userDefined": true
      },
      {
        "text": " Topic To ",
        "userDefined": false
      },
      {
        "text": "TOPICMESSAGE",
        "meta": "@sys.any",
        "alias": "topic",
        "userDefined": true
      }
    ],
    "isTemplate": false,
    "count": 0,
    "lang": "en",
    "updated": 0
  },
  {
    "id": "27fbd8eb-5dd3-4af9-abf0-a5ef0c41bc66",
    "data": [
      {
        "text": "Set Group Topic",
        "userDefined": false
      }
    ],
    "isTemplate": false,
    "count": 0,
    "lang": "en",
    "updated": 0
  },
  {
    "id": "5624569e-1da3-4aa4-a339-18a14c27a105",
    "data": [
      {
        "text": "Set Room Topic",
        "userDefined": false
      }
    ],
    "isTemplate": false,
    "count": 0,
    "lang": "en",
    "updated": 0
  },
  {
    "id": "24a16c04-f332-486c-ba2e-e662d8e110b4",
    "data": [
      {
        "text": "Set Channel Topic",
        "userDefined": false
      }
    ],
    "isTemplate": false,
    "count": 0,
    "lang": "en",
    "updated": 0
  },
  {
    "id": "21e10ac9-2c17-4910-8c0a-e7ae95658807",
    "data": [
      {
        "text": "Set Channel ",
        "userDefined": false
      },
      {
        "text": "CHANNELNAME",
        "meta": "@sys.any",
        "alias": "channelname",
        "userDefined": true
      },
      {
        "text": " Topic To ",
        "userDefined": false
      },
      {
        "text": "TOPICMESSAGE",
        "meta": "@sys.any",
        "alias": "topic",
        "userDefined": true
      }
    ],
    "isTemplate": false,
    "count": 0,
    "lang": "en",
    "updated": 0
  }
]