[
  {
    "id": "73c8359f-df41-4193-90dc-4e22e327ad1a",
    "data": [
      {
        "text": "Create Room",
        "userDefined": false
      }
    ],
    "isTemplate": false,
    "count": 0,
    "lang": "en",
    "updated": 0
  },
  {
    "id": "62438375-9a49-463b-96a3-df2bf58b746a",
    "data": [
      {
        "text": "Create Channel",
        "userDefined": false
      }
    ],
    "isTemplate": false,
    "count": 0,
    "lang": "en",
    "updated": 0
  },
  {
    "id": "37faf6eb-7ee9-4124-8e47-c0caa8e83ca9",
    "data": [
      {
        "text": "Create Group",
        "userDefined": false
      }
    ],
    "isTemplate": false,
    "count": 0,
    "lang": "en",
    "updated": 0
  },
  {
    "id": "48f606ba-8175-466c-82b6-126a204914ef",
    "data": [
      {
        "text": "Create A New Room",
        "userDefined": false
      }
    ],
    "isTemplate": false,
    "count": 0,
    "lang": "en",
    "updated": 0
  },
  {
    "id": "6e036593-f86d-4585-bae8-5aaab80f6aef",
    "data": [
      {
        "text": "Create A New Group",
        "userDefined": false
      }
    ],
    "isTemplate": false,
    "count": 0,
    "lang": "en",
    "updated": 0
  },
  {
    "id": "8ed56234-b1ee-421d-87ec-0c6cecd85211",
    "data": [
      {
        "text": "Create Room ",
        "userDefined": false
      },
      {
        "text": "CHANNELNAME",
        "meta": "@sys.any",
        "alias": "channelname",
        "userDefined": true
      }
    ],
    "isTemplate": false,
    "count": 0,
    "lang": "en",
    "updated": 0
  },
  {
    "id": "762eb10a-fea3-4e50-a34b-fe73e0146b76",
    "data": [
      {
        "text": "Create Group ",
        "userDefined": false
      },
      {
        "text": "CHANNELNAME",
        "meta": "@sys.any",
        "alias": "channelname",
        "userDefined": true
      }
    ],
    "isTemplate": false,
    "count": 0,
    "lang": "en",
    "updated": 0
  },
  {
    "id": "480754c5-780a-49ef-90c2-d29f781770e0",
    "data": [
      {
        "text": "Create A New Channel",
        "userDefined": false
      }
    ],
    "isTemplate": false,
    "count": 0,
    "lang": "en",
    "updated": 0
  },
  {
    "id": "138e1bd5-caf2-4e3b-855a-db79f31b6ceb",
    "data": [
      {
        "text": "Create Channel ",
        "userDefined": false
      },
      {
        "text": "CHANNELNAME",
        "meta": "@sys.any",
        "alias": "channelname",
        "userDefined": true
      }
    ],
    "isTemplate": false,
    "count": 0,
    "lang": "en",
    "updated": 0
  }
]