[
  {
    "id": "bf77dc0f-57ff-4f00-ae06-9bd86f762051",
    "data": [
      {
        "text": "Create Private Channel",
        "userDefined": false
      }
    ],
    "isTemplate": false,
    "count": 0,
    "lang": "en",
    "updated": 0
  },
  {
    "id": "fac13133-e133-4135-b3fa-5cd7801b9f04",
    "data": [
      {
        "text": "Create Private Room",
        "userDefined": false
      }
    ],
    "isTemplate": false,
    "count": 0,
    "lang": "en",
    "updated": 0
  },
  {
    "id": "a2cc586e-5e92-4720-9884-884a3903b2c2",
    "data": [
      {
        "text": "Create Private Group",
        "userDefined": false
      }
    ],
    "isTemplate": false,
    "count": 0,
    "lang": "en",
    "updated": 0
  },
  {
    "id": "27729f71-376c-4dec-9f7f-13d9b61d28aa",
    "data": [
      {
        "text": "Create A New Private Group",
        "userDefined": false
      }
    ],
    "isTemplate": false,
    "count": 0,
    "lang": "en",
    "updated": 0
  },
  {
    "id": "8d538bea-bc56-4666-9999-d3d9f59812d0",
    "data": [
      {
        "text": "Create A New Private Channel",
        "userDefined": false
      }
    ],
    "isTemplate": false,
    "count": 0,
    "lang": "en",
    "updated": 0
  },
  {
    "id": "63f8a0ce-fba2-4dcc-b385-035fa590189f",
    "data": [
      {
        "text": "Create A New Private Room",
        "userDefined": false
      }
    ],
    "isTemplate": false,
    "count": 0,
    "lang": "en",
    "updated": 0
  },
  {
    "id": "605f0ebb-8015-450c-872c-743b89c13388",
    "data": [
      {
        "text": "Create Private Room ",
        "userDefined": false
      },
      {
        "text": "CHANNELNAME",
        "meta": "@sys.any",
        "alias": "channelname",
        "userDefined": true
      }
    ],
    "isTemplate": false,
    "count": 0,
    "lang": "en",
    "updated": 0
  },
  {
    "id": "dabba92e-e99d-480b-827f-cfda8a883789",
    "data": [
      {
        "text": "Create Private Group ",
        "userDefined": false
      },
      {
        "text": "CHANNELNAME",
        "meta": "@sys.any",
        "alias": "channelname",
        "userDefined": true
      }
    ],
    "isTemplate": false,
    "count": 0,
    "lang": "en",
    "updated": 0
  },
  {
    "id": "6d28ab51-7a2d-42c4-b87c-508f967146f0",
    "data": [
      {
        "text": "Create Private Channel ",
        "userDefined": false
      },
      {
        "text": "CHANNELNAME",
        "meta": "@sys.any",
        "alias": "channelname",
        "userDefined": true
      }
    ],
    "isTemplate": false,
    "count": 0,
    "lang": "en",
    "updated": 0
  }
]