[
  {
    "id": "ce5d5bd8-8eee-4fc4-bad5-cfb22fda1596",
    "data": [
      {
        "text": "get my unreads",
        "userDefined": false
      }
    ],
    "isTemplate": false,
    "count": 0,
    "lang": "en",
    "updated": 0
  },
  {
    "id": "9bddec80-91d2-483e-9390-f7ff54902ca6",
    "data": [
      {
        "text": "get my unread messages",
        "userDefined": false
      }
    ],
    "isTemplate": false,
    "count": 0,
    "lang": "en",
    "updated": 0
  },
  {
    "id": "92dd5668-dc40-4d89-bd9c-9d05603f556f",
    "data": [
      {
        "text": "unread messages",
        "userDefined": false
      }
    ],
    "isTemplate": false,
    "count": 0,
    "lang": "en",
    "updated": 0
  },
  {
    "id": "f97fccf3-485c-4d05-8796-98a302f9f041",
    "data": [
      {
        "text": "get all unread messages",
        "userDefined": false
      }
    ],
    "isTemplate": false,
    "count": 0,
    "lang": "en",
    "updated": 0
  },
  {
    "id": "4a27e555-5be2-4ca4-9f5b-085d00b4bc4d",
    "data": [
      {
        "text": "do i have any unread messages",
        "userDefined": false
      }
    ],
    "isTemplate": false,
    "count": 0,
    "lang": "en",
    "updated": 0
  }
]