[
  {
    "id": "fedeaa9b-203c-42df-9643-7ad7fc9de404",
    "data": [
      {
        "text": "unread mentions from ",
        "userDefined": false
      },
      {
        "text": "CHANNELNAME",
        "meta": "@sys.any",
        "alias": "channelname",
        "userDefined": true
      }
    ],
    "isTemplate": false,
    "count": 0,
    "lang": "en",
    "updated": 0
  },
  {
    "id": "f9145c88-d70b-4acb-a381-8a0ccd9f8fa3",
    "data": [
      {
        "text": "read unread mentions from ",
        "userDefined": false
      },
      {
        "text": "CHANNELNAME",
        "meta": "@sys.any",
        "alias": "channelname",
        "userDefined": true
      }
    ],
    "isTemplate": false,
    "count": 0,
    "lang": "en",
    "updated": 0
  },
  {
    "id": "94f9ee81-4cda-4264-96bb-39e741b8ca0e",
    "data": [
      {
        "text": "read unread mentions from room ",
        "userDefined": false
      },
      {
        "text": "CHANNELNAME",
        "meta": "@sys.any",
        "alias": "channelname",
        "userDefined": true
      }
    ],
    "isTemplate": false,
    "count": 0,
    "lang": "en",
    "updated": 0
  },
  {
    "id": "8044ef4d-1f9c-4e78-b850-fb77c52269da",
    "data": [
      {
        "text": "read unread mentions from channel ",
        "userDefined": false
      },
      {
        "text": "CHANNELNAME",
        "meta": "@sys.any",
        "alias": "channelname",
        "userDefined": true
      }
    ],
    "isTemplate": false,
    "count": 0,
    "lang": "en",
    "updated": 0
  },
  {
    "id": "cbabc3a2-f8ac-4992-a1a5-cd8163597b14",
    "data": [
      {
        "text": "unread mentions in group",
        "userDefined": false
      }
    ],
    "isTemplate": false,
    "count": 0,
    "lang": "en",
    "updated": 0
  },
  {
    "id": "32d0e6f8-9e3f-4d45-af03-c8036f6785c8",
    "data": [
      {
        "text": "read unread mentions from room",
        "userDefined": false
      }
    ],
    "isTemplate": false,
    "count": 0,
    "lang": "en",
    "updated": 0
  },
  {
    "id": "d54d8f2b-6811-4820-bd1e-91b8a5a73474",
    "data": [
      {
        "text": "Read Unread Mentions From Channel",
        "userDefined": false
      }
    ],
    "isTemplate": false,
    "count": 0,
    "lang": "en",
    "updated": 0
  },
  {
    "id": "6fd9903c-0ec8-40b4-b25c-5e82b5fe1f26",
    "data": [
      {
        "text": "read unread mentions",
        "userDefined": false
      }
    ],
    "isTemplate": false,
    "count": 1,
    "lang": "en",
    "updated": 0
  }
]