[
  {
    "id": "b3b28fc6-bda8-4a41-ba74-15bad50365da",
    "data": [
      {
        "text": "read unread messages from ",
        "userDefined": false
      },
      {
        "text": "CHANNELNAME",
        "meta": "@sys.any",
        "alias": "channelname",
        "userDefined": true
      }
    ],
    "isTemplate": false,
    "count": 0,
    "lang": "en",
    "updated": 0
  },
  {
    "id": "75c61a5e-7e54-4a8b-82c8-c9a977b7db87",
    "data": [
      {
        "text": "Read Unread Messages From Channel",
        "userDefined": false
      }
    ],
    "isTemplate": false,
    "count": 0,
    "lang": "en",
    "updated": 0
  },
  {
    "id": "c619b6bb-726b-462e-bc64-95a57982d673",
    "data": [
      {
        "text": "Read Unread Messages From Room",
        "userDefined": false
      }
    ],
    "isTemplate": false,
    "count": 0,
    "lang": "en",
    "updated": 0
  },
  {
    "id": "e43cd1e6-e741-4e98-a9cc-15bf4c81421b",
    "data": [
      {
        "text": "Read Unread Messages From Group",
        "userDefined": false
      }
    ],
    "isTemplate": false,
    "count": 0,
    "lang": "en",
    "updated": 0
  },
  {
    "id": "ad012dde-3e98-4395-a7a7-784dfc7f324d",
    "data": [
      {
        "text": "Read Unread Messages From Room ",
        "userDefined": false
      },
      {
        "text": "CHANNELNAME",
        "meta": "@sys.any",
        "alias": "channelname",
        "userDefined": true
      }
    ],
    "isTemplate": false,
    "count": 0,
    "lang": "en",
    "updated": 0
  },
  {
    "id": "6d5754a6-8a03-448e-aa4b-def6d828a559",
    "data": [
      {
        "text": "Read Unread Messages From Group ",
        "userDefined": false
      },
      {
        "text": "CHANNELNAME",
        "meta": "@sys.any",
        "alias": "channelname",
        "userDefined": true
      }
    ],
    "isTemplate": false,
    "count": 0,
    "lang": "en",
    "updated": 0
  },
  {
    "id": "1f7db383-4d5a-495d-bd1f-ed2c37e08a7d",
    "data": [
      {
        "text": "Read My Unread Messages",
        "userDefined": false
      }
    ],
    "isTemplate": false,
    "count": 0,
    "lang": "en",
    "updated": 0
  },
  {
    "id": "981ace37-f9dd-45f8-bac4-6189ffd08189",
    "data": [
      {
        "text": "Read Unread Messages From Channel ",
        "userDefined": false
      },
      {
        "text": "CHANNELNAME",
        "meta": "@sys.any",
        "alias": "channelname",
        "userDefined": true
      }
    ],
    "isTemplate": false,
    "count": 0,
    "lang": "en",
    "updated": 0
  }
]